quarter,net_foreign_investment_nominal,value_of_dollar_relative_to_2006_01_01,gdp_nominal,net_foreign_investment_real,nfi_percent
2000 Q1,207.4,1.1673280423280423,10002.179,177.67070821529745,2.0735481738529176
2000 Q2,365.568,1.1554232804232802,10247.72,316.39314024041215,3.567310582256346
2000 Q3,318.888,1.146825396825397,10318.165,278.061508650519,3.090549530851658
2000 Q4,389.484,1.1402116402116402,10435.744,341.58921577726215,3.732211138947065
2001 Q1,236.82,1.128968253968254,10470.231,209.76674868189806,2.261841214391545
2001 Q2,238.256,1.117724867724868,10599.0,213.1615810650887,2.24791018020568
2001 Q3,56.512,1.1157407407407407,10598.02,50.649759336099585,0.5332316791249686
2001 Q4,140.596,1.1197089947089947,10660.465,125.5647678676905,1.3188542901271192
2002 Q1,98.976,1.1150793650793651,10783.5,88.76139501779359,0.9178467102517734
2002 Q2,29.88,1.1031746031746033,10887.46,27.085467625899277,0.27444417706241864
2002 Q3,57.312,1.0992063492063493,10984.04,52.13943682310469,0.5217752302431528
2002 Q4,157.664,1.0958994708994707,11061.433,143.86721062160532,1.4253487771430697
2003 Q1,153.156,1.0839947089947088,11174.129,141.28851250762662,1.3706303193743334
2003 Q2,-16.232,1.0800264550264551,11312.766,-15.029261481935087,-0.1434839189637618
2003 Q3,0.028,1.0753968253968254,11566.669,0.02603690036900369,0.0002420748791203414
2003 Q4,141.096,1.0747354497354498,11772.234,131.28440123076922,1.198549060441714
2004 Q1,110.32,1.0654761904761905,11923.447,103.54055865921787,0.9252357980037148
2004 Q2,136.672,1.0502645502645505,12112.815,130.13102267002517,1.1283256617062178
2004 Q3,142.076,1.046957671957672,12305.307,135.70367150979152,1.1545912670037406
2004 Q4,217.856,1.0403439153439153,12527.214,209.40767450731087,1.7390618536571658
2005 Q1,159.904,1.033068783068783,12767.286,154.78543405889886,1.252450990758725
2005 Q2,-32.02,1.0198412698412698,12922.656,-31.397042801556424,-0.2477818801336196
2005 Q3,155.876,1.0079365079365077,13142.642,154.6486299212599,1.1860324583139372
2005 Q4,182.86,1.0026455026455028,13324.204,182.3775197889182,1.3723896752106168
2006 Q1,180.936,0.9966931216931216,13599.16,181.5363185136032,1.3304939422729052
2006 Q2,266.208,0.9808201058201059,13753.424,271.4136857720836,1.935576188155037
2006 Q3,226.284,0.9748677248677248,13870.188,232.117644504749,1.6314414772171797
2006 Q4,315.876,0.9834656084656084,14039.56,321.1866254203093,2.249899569502178
2007 Q1,205.6,0.9735449735449735,14215.651,211.18695652173915,1.446293243974546
2007 Q2,268.396,0.9556878306878307,14402.082,280.84065882352945,1.8635916668159507
2007 Q3,351.856,0.953042328042328,14564.117,369.1924163775156,2.4159102814128723
2007 Q4,85.004,0.9464285714285714,14715.058,89.81554716981132,0.5776667682859286
2008 Q1,362.076,0.935185185185185,14706.538,387.1703762376239,2.4620070338784017
2008 Q2,274.716,0.9153439153439153,14865.701,300.12326011560697,1.8479855070406705
2008 Q3,259.444,0.9047619047619048,14898.999,286.75389473684214,1.7413518854521703
2008 Q4,377.564,0.931878306878307,14608.209,405.1644911284599,2.584601575730468
2009 Q1,-1.288,0.9358465608465608,14430.902,-1.3762939929328624,-0.0089252910178449
2009 Q2,128.724,0.9265873015873015,14381.236,138.92268950749465,0.8950830095549506
2009 Q3,226.532,0.9193121693121694,14448.882,246.41466474820143,1.567816804095985
2009 Q4,276.984,0.9179894179894181,14651.249,301.72896829971177,1.8905145902577996
2010 Q1,152.096,0.9133597883597884,14764.61,166.52364373642288,1.0301389606633702
2010 Q2,127.132,0.9100529100529101,14980.193,139.69737209302326,0.8486673035520972
2010 Q3,334.432,0.9093915343915344,15141.607,367.75358836363637,2.2086955499505434
2010 Q4,228.52,0.906084656084656,15309.474,252.20601459854018,1.4926704862622975
2011 Q1,170.096,0.8948412698412699,15351.448,190.0851086474501,1.1080127425113253
2011 Q2,247.568,0.8802910052910053,15557.539,281.23427197595794,1.5913056685893574
2011 Q3,270.528,0.8763227513227513,15647.68,308.70817811320757,1.7288697110370357
2011 Q4,280.432,0.8776455026455026,15842.259,319.5276443104748,1.770151592648498
2012 Q1,155.892,0.8703703703703703,16068.805,179.10995744680852,0.9701530387605052
2012 Q2,303.7,0.8637566137566137,16207.115,351.60367534456356,1.8738683596679608
2012 Q3,175.072,0.8611111111111112,16319.541,203.3094193548387,1.07277526984368
2012 Q4,211.204,0.8611111111111112,16420.419,245.2691612903226,1.286227836208077
2013 Q1,142.684,0.8564814814814815,16648.189,166.5932108108108,0.8570541816890714
2013 Q2,256.596,0.8511904761904762,16728.687,301.45544055944055,1.5338681392030347
2013 Q3,243.816,0.8485449735449737,16953.838,287.3342104442712,1.4381168441033825
2013 Q4,225.996,0.8505291005291006,17192.019,265.7122488335925,1.3145401944937356
2014 Q1,-293.968,0.8445767195767196,17197.738,-348.0654784651527,-1.7093410772974909
2014 Q2,316.28,0.8346560846560848,17518.508,378.9345166402535,1.805404889503147
2014 Q3,424.204,0.8333333333333334,17804.228,509.0448,2.382602604280287
2014 Q4,401.432,0.83994708994709,17912.079,477.92534173228347,2.2411245506454054
2015 Q1,956.604,0.8452380952380953,18063.529,1131.7568450704225,5.295775814349455
2015 Q2,374.936,0.8353174603174603,18279.784,448.8544988123515,2.0510964462162136
2015 Q3,254.312,0.8326719576719578,18401.626,305.4167942811755,1.382008307309365
2015 Q4,349.54,0.835978835978836,18435.137,418.1206329113924,1.896053172807992
2016 Q1,566.72,0.835978835978836,18525.933,677.9118987341772,3.0590632061553933
2016 Q2,606.94,0.826058201058201,18711.702,734.7424179343476,3.2436386599145286
2016 Q3,475.284,0.8234126984126985,18892.639,577.2123759036144,2.515709954548965
2016 Q4,271.12,0.8214285714285714,19089.379,330.0591304347826,1.4202662119076792
2017 Q1,393.588,0.8154761904761906,19280.084,482.64805839416056,2.041422641104676
2017 Q2,315.376,0.8108465608465609,19438.643,388.9465840130505,1.6224177788542131
2017 Q3,282.788,0.8075396825396824,19692.595,350.1846486486487,1.4360118613113202
2017 Q4,308.54,0.8042328042328042,20037.088,383.6451315789474,1.5398445123363236
2018 Q1,132.968,0.7976190476190476,20328.553,166.70614925373135,0.6540947602123968
2018 Q2,-36.956,0.7890211640211641,20580.912,-46.83778038558257,-0.1795644430139928
2018 Q3,419.264,0.787037037037037,20798.73,532.711905882353,2.0158153887280617
2018 Q4,350.384,0.787037037037037,20917.867,445.19378823529416,1.6750465045025864
2019 Q1,266.252,0.7843915343915345,21111.6,339.4376256323777,1.2611644782962923
2019 Q2,258.772,0.7744708994708994,21397.938,334.1274671221179,1.2093314785751788
2019 Q3,207.212,0.7731481481481483,21717.171,268.01073053892213,0.9541390082529626
2019 Q4,294.516,0.7718253968253969,21933.217,381.5837120822622,1.3427852375691174
2020 Q1,94.932,0.7685185185185186,21751.238,123.52597590361445,0.4364441233184061
2020 Q2,73.912,0.7724867724867724,19958.291,95.68060273972604,0.37033230951487783
2020 Q3,135.86,0.763888888888889,21704.437,177.85309090909092,0.6259549602691837
2020 Q4,142.816,0.7619047619047619,22087.16,187.44600000000003,0.6466019171319446
2021 Q1,255.948,0.753968253968254,22680.693,339.46787368421053,1.1284840370618305
2021 Q2,346.852,0.7361111111111112,23425.91,471.1951698113207,1.4806340500753226
2021 Q3,539.752,0.7255291005291006,23982.379,743.9425925250682,2.2506190899576723
2021 Q4,479.468,0.7149470899470899,24813.6,670.6342423681776,1.9322790727665475
2022 Q1,337.764,0.6984126984126985,25250.347,483.6166363636363,1.337660825017573
2022 Q2,359.012,0.677910052910053,25861.292,529.5864819512194,1.388221439207291
2022 Q3,487.164,0.669973544973545,26336.304,727.1391589338598,1.8497811993664712
2022 Q4,169.636,0.6673280423280423,26770.514,254.2018156590684,0.6336673251772453
2023 Q1,336.684,0.6593915343915343,27216.445,510.59800200601813,1.237060901965705
2023 Q2,362.824,0.6527777777777778,27530.055,555.8154893617021,1.317919633651295
2023 Q3,244.86,0.6468253968253969,28074.846,378.5565644171779,0.8721686309517067
2023 Q4,245.408,0.646164021164021,28424.722,379.79211463664285,0.8633611262759227
2024 Q1,267.152,0.6388888888888888,28708.161,418.15095652173915,0.9305785905269237
2024 Q2,309.928,0.6316137566137566,29147.044,490.6922890052356,1.0633256669184017
2024 Q3,272.712,0.6302910052910052,29511.664,432.6763315844701,0.9240820849681671
2024 Q4,319.544,0.628968253968254,29825.182,508.0447192429022,1.0713899415601218
2025 Q1,172.132,0.6223544973544973,30042.113,276.58191710945806,0.5729690185240965
2025 Q2,407.488,0.6170634920634921,30485.729,660.3664051446945,1.336651651006935
2025 Q3,218.016,0.6130952380952381,31098.027,355.5989126213592,0.7010605528125627
2025 Q4,,0.6130952380952381,,,
2026 Q1,,,,,
